temperature,pressure,altitude,timestamp
23.53,91198.25,923.446114424958,16:24:01
23.53,91196.27,923.638432512528,16:25:01
23.52,91194.08,923.8200141108965,16:26:01
23.52,91191.7,924.0511897300956,16:27:01
23.52,91193.84,923.8433256124878,16:28:01
23.53,91195.36,923.7268227954645,16:29:01
23.52,91188.23,924.3882527653847,16:30:01
23.52,91194.67,923.7627069798792,16:31:00
23.52,91191.94,924.0278775773859,16:32:00
23.52,91194.17,923.8112723166171,16:33:00
23.52,91191.0,924.1191839259242,16:34:00
23.52,91188.97,924.3163706068912,16:35:00
23.52,91196.31,923.603414899882,16:36:00
23.52,91197.38,923.4994883685125,16:37:00
23.52,91195.41,923.6908308631134,16:38:00
23.52,91195.13,923.7180271499738,16:39:00
23.52,91193.26,923.8996620427906,16:39:59
23.52,91195.23,923.7083141789743,16:40:59
23.52,91194.74,923.7559078580213,16:41:59
23.52,91194.91,923.7393957308084,16:42:59
23.52,91196.39,923.5956446417307,16:43:59
23.52,91192.59,923.9647408638467,16:44:59
23.52,91194.67,923.7627069798792,16:45:59
23.52,91191.53,924.0677025491169,16:46:59
23.52,91195.28,923.7034576982228,16:47:58
23.52,91192.81,923.9433716359777,16:48:58
23.52,91188.61,924.3513402188936,16:49:58
23.52,91188.52,924.3600826475597,16:50:58
23.52,91191.86,924.0356482868449,16:51:58
23.52,91191.77,924.0443903446811,16:52:58
23.52,91193.84,923.8433256124878,16:53:58
23.52,91193.18,923.9074326183734,16:54:58
23.52,91190.55,924.1628948084269,16:55:57
23.52,91192.31,923.9919381517077,16:56:57
23.52,91192.1,924.0123361828211,16:57:57
23.52,91190.17,924.1998064202576,16:58:57
23.52,91191.33,924.0871294419203,16:59:57
23.52,91194.25,923.8035018414465,17:00:57
23.52,91194.17,923.8112723166171,17:01:57
23.52,91193.39,923.8870348747846,17:02:57
23.52,91194.79,923.7510513462178,17:03:57
23.52,91195.78,923.6548930650492,17:04:56
23.52,91196.44,923.5907882345045,17:05:56
23.52,91194.84,923.746194837576,17:06:56
23.52,91192.15,924.0074795036772,17:07:56
23.52,91198.63,923.3780807072843,17:08:56
23.52,91196.2,923.6140990180895,17:09:56
23.52,91189.84,924.2318613895804,17:10:56
23.52,91194.67,923.7627069798792,17:11:56
23.52,91195.16,923.7151132573454,17:12:55
23.52,91193.14,923.9113179092102,17:13:55
23.52,91194.3,923.7986452985808,17:14:55
23.52,91197.02,923.534454142302,17:15:55
23.52,91193.3,923.8957767580447,17:16:55
23.52,91194.72,923.7578504636367,17:17:55
23.52,91192.9,923.9346296967956,17:18:55
23.51,91188.57,924.3240680502444,17:19:55
23.52,91195.05,923.7257975359104,17:20:54
23.51,91193.19,923.8753187314718,17:21:54
23.52,91192.48,923.9754255007966,17:22:54
23.51,91194.11,923.7859606259577,17:23:54
23.51,91193.52,923.8432662441287,17:24:54
23.51,91190.72,924.1152311265778,17:25:54
23.52,91193.39,923.8870348747846,17:26:54
23.51,91194.02,923.7947021324138,17:27:54
23.51,91188.9,924.2920136300822,17:28:54
23.51,91191.2,924.0686078694208,17:29:53
23.51,91192.78,923.9151417110949,17:30:53
23.51,91192.28,923.9637066087812,17:31:53
23.52,91197.27,923.5101723375205,17:32:53
23.52,91194.88,923.742309632953,17:33:53
23.51,91195.33,923.6674656625747,17:34:53
23.51,91196.58,923.5460588455272,17:35:53
23.51,91193.84,923.8121851761236,17:36:53
23.51,91195.16,923.6839771426976,17:37:52
23.51,91192.2,923.9714770218227,17:38:52
23.51,91189.77,924.207507184153,17:39:52
23.51,91193.45,923.850065245058,17:40:52
23.51,91192.86,923.9073713568716,17:41:52
23.51,91192.62,923.9306824438729,17:42:52
23.52,91195.88,923.6451801764431,17:43:52
23.51,91190.55,924.1317436001887,17:44:52
23.51,91196.09,923.5936500817836,17:45:51
23.52,91196.2,923.6140990180895,17:46:51
23.51,91192.86,923.9073713568716,17:47:51
23.51,91194.34,923.7636212672229,17:48:51
23.52,91193.47,923.8792643205045,17:49:51
23.52,91194.39,923.7899035294043,17:50:51
23.52,91192.73,923.9511422571958,17:51:51
23.52,91195.21,923.7102567721649,17:52:51
23.52,91191.09,924.1104417802323,17:53:51
23.51,91195.16,923.6839771426976,17:54:50
23.52,91196.98,923.5383392384152,17:55:50
23.51,91195.88,923.6140464190637,17:56:50
23.51,91193.77,923.818984148657,17:57:50
23.52,91197.52,923.4858906119601,17:58:50
23.52,91194.22,923.8064157686841,17:59:50
23.51,91196.16,923.5868513151147,18:00:50
23.51,91195.16,923.6839771426976,18:01:50
23.52,91195.54,923.6782040494182,18:02:49
23.51,91194.11,923.7859606259577,18:03:49
23.51,91194.84,923.7150576752463,18:04:49
23.52,91196.2,923.6140990180895,18:05:49
23.51,91195.83,923.6189026980823,18:06:49
23.52,91190.5,924.1677515889965,18:07:49
23.52,91194.63,923.7665921951535,18:08:49
23.51,91195.83,923.6189026980823,18:09:49
23.51,91197.15,923.490697994453,18:10:48
23.52,91198.34,923.4062471082464,18:11:48
23.52,91194.17,923.8112723166171,18:12:48
23.52,91201.81,923.0692285453682,18:13:48
23.51,91197.48,923.4586471636426,18:14:48
23.52,91195.21,923.7102567721649,18:15:48
23.52,91194.55,923.7743626317928,18:16:48
23.52,91195.38,923.6937447462357,18:17:48
23.52,91194.39,923.7899035294043,18:18:47
23.51,91190.55,924.1317436001887,18:19:47
23.52,91194.13,923.8151575572477,18:20:47
23.51,91198.55,923.354725722246,18:21:47
23.51,91197.48,923.4586471636426,18:22:47
23.51,91192.2,923.9714770218227,18:23:47
23.51,91197.48,923.4586471636426,18:24:47
23.51,91195.83,923.6189026980823,18:25:47
23.52,91198.02,923.437327398533,18:26:47
23.52,91195.88,923.6451801764431,18:27:46
23.51,91193.52,923.8432662441287,18:28:46
23.51,91194.17,923.7801329606891,18:29:46
23.52,91197.92,923.44704001587,18:30:46
23.51,91195.75,923.6266727510991,18:31:46
23.51,91195.66,923.635414070449,18:32:46
23.52,91194.05,923.8229280446,18:33:46
23.52,91197.19,923.5179425064277,18:34:46
23.51,91195.33,923.6674656625747,18:35:45
23.52,91198.67,923.3741956948311,18:36:45
23.52,91199.0,923.3421444194571,18:37:45
23.51,91196.16,923.5868513151147,18:38:45
23.51,91195.33,923.6674656625747,18:39:45
23.51,91195.99,923.6033626163704,18:40:45
23.51,91194.77,923.7218565590454,18:41:45
23.51,91190.97,924.090948143692,18:42:45
23.51,91195.99,923.6033626163704,18:43:45
23.52,91192.08,924.0142788553644,18:44:44
23.51,91195.92,923.610161398129,18:45:44
23.51,91193.77,923.818984148657,18:46:44
23.52,91194.55,923.7743626317928,18:47:44
23.51,91194.17,923.7801329606891,18:48:44
23.51,91195.0,923.6995173927472,18:49:44
23.51,91194.51,923.7471096104016,18:50:44
23.51,91197.15,923.490697994453,18:51:44
23.52,91195.88,923.6451801764431,18:52:43
23.52,91196.37,923.597587205511,18:53:43
23.52,91195.45,923.6869456873837,18:54:43
23.51,91195.99,923.6033626163704,18:55:43
23.52,91197.8,923.4586951733944,18:56:43
23.52,91199.73,923.27124360374,18:57:43
23.52,91192.08,924.0142788553644,18:58:43
23.52,91193.39,923.8870348747846,18:59:43
23.52,91197.19,923.5179425064277,19:00:42
23.52,91193.63,923.863723236277,19:01:42
23.52,91195.88,923.6451801764431,19:02:42
23.51,91195.5,923.6509542190865,19:03:42
23.52,91195.88,923.6451801764431,19:04:42
23.51,91195.99,923.6033626163704,19:05:42
23.51,91194.17,923.7801329606891,19:06:42
23.52,91194.63,923.7665921951535,19:07:42
23.51,91195.99,923.6033626163704,19:08:42
23.52,91196.53,923.5820467094874,19:09:41
23.51,91194.51,923.7471096104016,19:10:41
23.52,91191.75,924.0463330255955,19:11:41
23.52,91195.38,923.6937447462357,19:12:41
23.52,91198.25,923.4149884267638,19:13:41
23.52,91194.22,923.8064157686841,19:14:41
23.52,91197.85,923.4538388555442,19:15:41
23.51,91195.66,923.635414070449,19:16:41
23.52,91196.86,923.5499945389369,19:17:40
23.52,91197.3,923.5072585262718,19:18:40
23.52,91198.63,923.3780807072843,19:19:40
23.52,91196.03,923.6306108672941,19:20:40
23.52,91196.98,923.5383392384152,19:21:40
23.52,91196.53,923.5820467094874,19:22:40
23.52,91194.63,923.7665921951535,19:23:40
23.52,91195.45,923.6869456873837,19:24:40
23.52,91196.27,923.607300031993,19:25:39
23.52,91194.46,923.7831043827069,19:26:39
23.52,91195.28,923.7034576982228,19:27:39
23.52,91188.77,924.3357981488267,19:28:39
23.52,91193.39,923.8870348747846,19:29:39
23.51,91193.19,923.8753187314718,19:30:39
23.52,91193.3,923.8957767580447,19:31:39
23.52,91192.24,923.9987374891964,19:32:39
23.52,91194.34,923.7947600665644,19:33:39
23.52,91197.8,923.4586951733944,19:34:38
23.52,91195.94,923.6393524493581,19:35:38
23.52,91197.3,923.5072585262718,19:36:38
23.52,91195.0,923.7306540312354,19:37:38
23.52,91195.78,923.6548930650492,19:38:38
23.52,91192.52,923.9715401764959,19:39:38
23.52,91193.75,923.8520674444065,19:40:38
23.52,91192.2,924.0026228276954,19:41:38
23.52,91194.5,923.7792191588082,19:42:37
23.52,91196.89,923.5470807120913,19:43:37
23.52,91197.88,923.4509250663478,19:44:37
23.52,91193.84,923.8433256124878,19:45:37
23.52,91195.83,923.6500366191601,19:46:37
23.52,91194.5,923.7792191588082,19:47:37
23.52,91192.52,923.9715401764959,19:48:37
23.52,91195.13,923.7180271499738,19:49:37
23.52,91195.49,923.6830605136913,19:50:36
23.52,91192.43,923.9802821590229,19:51:36
23.53,91195.45,923.7180808525736,19:52:36
23.52,91194.25,923.8035018414465,19:53:36
23.53,91195.19,923.7433353822798,19:54:36
23.53,91193.96,923.8628098960387,19:55:36
23.53,91194.53,923.8074434194979,19:56:36
23.53,91195.61,923.7025396461172,19:57:36
23.53,91192.31,924.0230835974268,19:58:36
23.53,91193.63,923.8948643601937,19:59:35
23.53,91191.81,924.0716520671575,20:00:35
23.53,91193.8,923.8783514371767,20:01:35
23.53,91191.89,924.0638810907001,20:02:35
23.53,91195.61,923.7025396461172,20:03:35
23.53,91193.21,923.9356611506086,20:04:35
23.53,91194.78,923.7831600070916,20:05:35
23.53,91197.0,923.5675267806618,20:06:35
23.53,91195.36,923.7268227954645,20:07:34
23.53,91196.11,923.653973585124,20:08:34
23.53,91195.85,923.6792278972868,20:09:34
23.53,91196.44,923.6219201584684,20:10:34
23.53,91198.08,923.4626263889696,20:11:34
23.53,91193.7,923.888064916867,20:12:34
23.53,91196.67,923.5995799730516,20:13:34
23.53,91195.19,923.7433353822798,20:14:34
23.53,91195.85,923.6792278972868,20:15:33
23.53,91194.95,923.7666473319211,20:16:33
23.53,91197.42,923.526732008197,20:17:33
23.53,91197.22,923.5461580624387,20:18:33
23.53,91195.19,923.7433353822798,20:19:33
23.53,91198.41,923.4305737864149,20:20:33
23.53,91197.09,923.5587850248796,20:21:33
23.53,91196.72,923.5947234198742,20:22:33
23.53,91197.22,923.5461580624387,20:23:33
23.53,91195.28,923.7345934199909,20:24:32
23.53,91193.38,923.9191481370776,20:25:32
23.53,91197.17,923.5510145839146,20:26:32
23.53,91195.02,923.7598480057325,20:27:32
23.53,91192.64,923.9910285810266,20:28:32
23.52,91194.25,923.8035018414465,20:29:32
23.53,91200.18,923.2586576376949,20:30:32
23.53,91197.83,923.4869087555254,20:31:32
23.53,91194.29,923.8307555699398,20:32:31
23.53,91197.59,923.5102199019635,20:33:31
23.53,91195.4,923.7229374862518,20:34:31
23.53,91197.17,923.5510145839146,20:35:31
23.53,91195.77,923.6869984721224,20:36:31
23.53,91196.52,923.6141496515866,20:37:31
23.53,91194.73,923.7880166832346,20:38:31
23.53,91196.55,923.6112357136012,20:39:31
23.53,91199.48,923.3266466003286,20:40:30
23.53,91197.38,923.5306172149873,20:41:30
23.53,91197.09,923.5587850248796,20:42:30
23.53,91197.66,923.5034208100407,20:43:30
23.53,91192.72,923.9832576887488,20:44:30
23.53,91197.17,923.5510145839146,20:45:30
23.53,91194.03,923.8560104820016,20:46:30
23.53,91195.52,923.7112815707551,20:47:30
23.53,91195.19,923.7433353822798,20:48:30
23.53,91195.19,923.7433353822798,20:49:29
23.53,91195.4,923.7229374862518,20:50:29
23.53,91199.73,923.3023647566575,20:51:29
23.53,91198.04,923.466511562295,20:52:29
23.53,91194.53,923.8074434194979,20:53:29
23.53,91197.88,923.4820522758758,20:54:29
23.53,91196.05,923.659801495705,20:55:29
23.53,91193.42,923.9152627274494,20:56:29
23.53,91193.7,923.888064916867,20:57:28
23.53,91196.67,923.5995799730516,20:58:28
23.53,91197.22,923.5461580624387,20:59:28
23.53,91198.53,923.4189183288086,21:00:28
23.53,91195.73,923.6908837625755,21:01:28
23.53,91200.96,923.1828992395394,21:02:28
23.53,91197.09,923.5587850248796,21:03:28
23.53,91194.41,923.8190994855873,21:04:28
23.53,91198.98,923.3752105253418,21:05:27
23.53,91198.16,923.4548560483998,21:06:27
23.53,91200.84,923.1945543275195,21:07:27
23.53,91196.84,923.5830677051886,21:08:27
23.53,91196.72,923.5947234198742,21:09:27
23.53,91198.7,923.4024064617768,21:10:27
23.53,91198.2,923.4509708811554,21:11:27
23.53,91195.4,923.7229374862518,21:12:27
23.53,91200.23,923.2538013069866,21:13:27
23.53,91193.75,923.8832081754358,21:14:26
23.53,91199.64,923.3111062112537,21:15:26
23.53,91197.59,923.5102199019635,21:16:26
23.53,91197.09,923.5587850248796,21:17:26
23.53,91195.11,923.7511060240456,21:18:26
23.53,91195.44,923.7190521790558,21:19:26
23.53,91194.08,923.8511537614886,21:20:26
23.53,91194.24,923.835612277146,21:21:26
23.53,91196.43,923.6228914724037,21:22:25
23.53,91193.59,923.8987497591703,21:23:25
23.53,91195.89,923.6753426129144,21:24:25
23.53,91196.05,923.659801495705,21:25:25
23.53,91196.72,923.5947234198742,21:26:25
23.53,91195.11,923.7511060240456,21:27:25
23.53,91193.79,923.8793227845771,21:28:25
23.53,91195.11,923.7511060240456,21:29:25
23.53,91192.09,924.0444536850538,21:30:25
23.53,91197.26,923.5422728475304,21:31:24
23.53,91192.14,924.0395968415751,21:32:24
23.53,91199.56,923.3188764017373,21:33:24
23.53,91197.22,923.5461580624387,21:34:24
23.53,91196.27,923.638432512528,21:35:24
23.53,91195.28,923.7345934199909,21:36:24
23.53,91200.02,923.2741979172532,21:37:24
23.53,91198.25,923.446114424958,21:38:24
23.53,91197.75,923.4946791295603,21:39:23
23.53,91198.53,923.4189183288086,21:40:23
23.53,91195.4,923.7229374862518,21:41:23
23.54,91200.3,923.2781217361759,21:42:23
23.53,91197.75,923.4946791295603,21:43:23
23.53,91196.1,923.654944903235,21:44:23
23.54,91195.19,923.7744713987079,21:45:23
23.53,91197.38,923.5306172149873,21:46:23
23.53,91197.59,923.5102199019635,21:47:22
23.53,91193.79,923.8793227845771,21:48:22
23.53,91195.77,923.6869984721224,21:49:22
23.53,91195.89,923.6753426129144,21:50:22
23.53,91198.58,923.4140618935294,21:51:22
23.53,91199.19,923.3548136382431,21:52:22
23.53,91197.5,923.5189616006968,21:53:22
23.53,91198.53,923.4189183288086,21:54:22
23.53,91194.2,923.839497645181,21:55:21
23.53,91195.11,923.7511060240456,21:56:21
23.53,91193.88,923.8705806625537,21:57:21
23.53,91197.34,923.5345024238047,21:58:21
23.53,91194.95,923.7666473319211,21:59:21
23.52,91192.77,923.9472569455633,22:00:21
23.53,91195.19,923.7433353822798,22:01:21
23.53,91195.73,923.6908837625755,22:02:21
23.53,91197.34,923.5345024238047,22:03:21
23.53,91194.29,923.8307555699398,22:04:20
23.53,91197.05,923.5626702484026,22:05:20
23.53,91198.81,923.3917223320411,22:06:20
23.53,91194.24,923.835612277146,22:07:20
23.53,91192.88,923.967715928537,22:08:20
23.53,91198.53,923.4189183288086,22:09:20
23.53,91199.19,923.3548136382431,22:10:20
23.53,91197.5,923.5189616006968,22:11:20
23.53,91198.08,923.4626263889696,22:12:20
23.53,91198.58,923.4140618935294,22:13:19
23.53,91196.93,923.5743259311535,22:14:19
23.53,91199.48,923.3266466003286,22:15:19
23.53,91196.39,923.6267767293917,22:16:19
23.53,91198.33,923.4383441016375,22:17:19
23.53,91193.09,923.9473174175192,22:18:19
23.53,91197.66,923.5034208100407,22:19:19
23.53,91197.88,923.4820522758758,22:20:19
23.53,91197.05,923.5626702484026,22:21:18
23.53,91198.2,923.4509708811554,22:22:18
23.53,91196.59,923.6073504647211,22:23:18
23.53,91197.88,923.4820522758758,22:24:18
23.53,91198.58,923.4140618935294,22:25:18
23.53,91198.91,923.3820095001366,22:26:18
23.54,91196.67,923.6307111440095,22:27:18
23.53,91198.08,923.4626263889696,22:28:18
23.54,91195.02,923.7909845787408,22:29:17
23.53,91195.77,923.6869984721224,22:30:17
23.54,91199.8,923.326686778382,22:31:17
23.54,91198.98,923.4063341336245,22:32:17
23.53,91198.53,923.4189183288086,22:33:17
23.54,91195.35,923.7589296156808,22:34:17
23.53,91193.79,923.8793227845771,22:35:17
23.54,91194.86,923.8065264287104,22:36:17
23.53,91196.77,923.589866869869,22:37:16
23.53,91199.73,923.3023647566575,22:38:16
23.54,91195.52,923.7424165067662,22:39:16
23.54,91197.7,923.530663416277,22:40:16
23.54,91196.67,923.6307111440095,22:41:16
23.54,91195.84,923.71133310704,22:42:16
23.54,91194.36,923.8550949190433,22:43:16
23.54,91195.97,923.6987055129734,22:44:16
23.54,91199.36,923.369424277661,22:45:16
23.54,91198.16,923.4859823412423,22:46:15
23.54,91195.89,923.7064763375544,22:47:15
23.54,91193.7,923.9192058115995,22:48:15
23.54,91195.19,923.7744713987079,22:49:15
23.54,91195.06,923.7870991213185,22:50:15
23.54,91188.25,924.4486274732117,22:51:15
23.54,91193.38,923.9502900795119,22:52:15
23.53,91196.43,923.6228914724037,22:53:15
23.54,91195.68,923.7268747906818,22:54:14
23.53,91190.83,924.1668471872722,22:55:14
23.54,91197.16,923.5831154553318,22:56:14
23.53,91192.27,924.0269690633337,22:57:14
23.54,91194.69,923.8230396798616,22:58:14
23.54,91195.19,923.7744713987079,22:59:14
23.53,91194.45,923.8152141281938,23:00:14
23.53,91195.44,923.7190521790558,23:01:14
23.54,91191.56,924.1270843222061,23:02:13
23.54,91190.89,924.1921689746343,23:03:13
23.54,91195.73,923.7220180110509,23:04:13
23.54,91197.33,923.5666027364985,23:05:13
23.54,91196.17,923.6792784870241,23:06:13
23.54,91194.2,923.870636902888,23:07:13
23.54,91193.25,923.9629181004302,23:08:13
23.54,91196.88,923.6103129544463,23:09:13
23.54,91191.27,924.155255221314,23:10:13
23.54,91195.84,923.71133310704,23:11:12
23.54,91192.88,923.9988595080143,23:12:12
23.54,91194.15,923.875493779502,23:13:12
23.54,91195.68,923.7268747906818,23:14:12
23.54,91195.73,923.7220180110509,23:15:12
23.54,91196.63,923.634596519783,23:16:12
23.54,91193.53,923.9357193127644,23:17:12
23.54,91197.88,923.5131794854041,23:18:12
23.54,91197.7,923.530663416277,23:19:11
23.54,91192.42,924.0435436621856,23:20:11
23.54,91195.56,923.738531074702,23:21:11
23.54,91193.87,923.9026923470731,23:22:11
23.54,91192.88,923.9988595080143,23:23:11
23.54,91193.25,923.9629181004302,23:24:11
23.54,91194.08,923.8822934120807,23:25:11
23.54,91193.25,923.9629181004302,23:26:11
23.54,91197.78,923.5228927752636,23:27:11
23.54,91197.21,923.5782587695219,23:28:10
23.54,91195.63,923.7317315734648,23:29:10
23.54,91192.66,924.0202301569691,23:30:10
23.54,91194.36,923.8550949190433,23:31:10
23.54,91192.34,924.0513148468176,23:32:10
23.54,91194.64,923.8278965254115,23:33:10
23.54,91194.85,923.8074977954122,23:34:10
23.54,91197.16,923.5831154553318,23:35:10
23.54,91197.28,923.5714594147071,23:36:09
23.54,91198.31,923.4714124834649,23:37:09
23.54,91198.16,923.4859823412423,23:38:09
23.54,91197.49,923.5510613875392,23:39:09
23.54,91196.66,923.6316824877653,23:40:09
23.54,91197.28,923.5714594147071,23:41:09
23.54,91195.84,923.71133310704,23:42:09
23.54,91199.3,923.3752521374835,23:43:09
23.54,91196.5,923.6472240050692,23:44:08
23.54,91198.27,923.4752977760796,23:45:08
23.54,91195.73,923.7220180110509,23:46:08
23.54,91198.98,923.4063341336245,23:47:08
23.54,91196.66,923.6316824877653,23:48:08
23.54,91198.77,923.4267317641434,23:49:08
23.54,91198.53,923.4500434103218,23:50:08
23.54,91196.46,923.6511093894677,23:51:08
23.54,91196.95,923.603513570351,23:52:08
23.54,91196.46,923.6511093894677,23:53:07
23.54,91197.82,923.5190074577976,23:54:07
23.54,91196.46,923.6511093894677,23:55:07
23.54,91198.69,923.434502304758,23:56:07
23.54,91198.27,923.4752977760796,23:57:07
23.54,91195.14,923.7793282125651,23:58:07
23.54,91194.23,923.867722778448,23:59:07
23.54,91196.95,923.603513570351,00:00:07
23.54,91197.49,923.5510613875392,00:01:06
23.54,91195.47,923.7472732997045,00:02:06
23.54,91197.61,923.5394053971138,00:03:06
23.54,91196.79,923.6190550288406,00:04:06
23.54,91197.78,923.5228927752636,00:05:06
23.54,91196.95,923.603513570351,00:06:06
23.54,91195.67,923.7278461469849,00:07:06
23.54,91197.16,923.5831154553318,00:08:06
23.54,91197.0,923.5986568712234,00:09:05
23.54,91194.36,923.8550949190433,00:10:05
23.54,91196.34,923.662765554846,00:11:05
23.54,91192.05,924.0794854591213,00:12:05
23.54,91194.52,923.8395529676513,00:13:05
23.54,91197.45,923.5549467217386,00:14:05
23.54,91195.34,923.7599009761699,00:15:05
23.54,91197.82,923.5190074577976,00:16:05
23.54,91197.98,923.5034662082235,00:17:05
23.54,91194.48,923.8434384524588,00:18:04
23.54,91196.34,923.662765554846,00:19:04
23.54,91196.66,923.6316824877653,00:20:04
23.54,91196.34,923.662765554846,00:21:04
23.54,91193.7,923.9192058115995,00:22:04
23.54,91196.83,923.6151696611752,00:23:04
23.54,91194.81,923.8113832634865,00:24:04
23.55,91195.47,923.7784083994146,00:25:04
23.54,91197.16,923.5831154553318,00:26:03
23.55,91196.08,923.7191537450153,00:27:03
23.54,91198.81,923.4228464968766,00:28:03
23.54,91194.2,923.870636902888,00:29:03
23.55,91197.89,923.5433353339035,00:30:03
23.54,91197.82,923.5190074577976,00:31:03
23.54,91196.01,923.6948201037335,00:32:03
23.55,91197.89,923.5433353339035,00:33:03
23.55,91195.75,923.7512094830821,00:34:02
23.55,91196.86,923.6433861856697,00:35:02
23.55,91196.63,923.665727821698,00:36:02
23.55,91195.59,923.7667517088137,00:37:02
23.55,91199.22,923.4141454469145,00:38:02
23.54,91191.88,924.095999315908,00:39:02
23.55,91198.23,923.5103091344031,00:40:02
23.55,91198.55,923.4792257863899,00:41:02
23.55,91200.53,923.2869004570673,00:42:02
23.55,91198.06,923.5268222158385,00:43:01
23.55,91197.41,923.5899608062225,00:44:01
23.55,91199.05,923.4306583149979,00:45:01
23.55,91195.91,923.7356672898144,00:46:01
23.54,91193.2,923.9677750372571,00:47:01
23.55,91197.28,923.6025885885724,00:48:01
23.55,91195.3,923.7949220756811,00:49:01
23.55,91194.97,923.8269781400801,00:50:01
23.55,91194.1,923.9114902443893,00:51:00
23.55,91200.04,923.3344956566157,00:52:00
23.54,91200.63,923.2460689819279,00:53:00
23.55,91195.42,923.7832653592144,00:54:00
23.54,91198.11,923.4908389668394,00:55:00
23.55,91196.58,923.6705847079752,00:56:00
23.54,91197.16,923.5831154553318,00:57:00
23.55,91198.55,923.4792257863899,00:58:00
23.55,91197.73,923.5588771255525,00:58:59
23.55,91200.53,923.2869004570673,00:59:59
23.55,91198.23,923.5103091344031,01:00:59
23.55,91198.39,923.4947674441696,01:01:59
23.55,91197.07,923.6229873591674,01:02:59
23.55,91197.77,923.5549916745971,01:03:59
23.55,91197.73,923.5588771255525,01:04:59
23.55,91196.08,923.7191537450153,01:05:59
23.54,91197.82,923.5190074577976,01:06:59
23.54,91196.17,923.6792784870241,01:07:58
23.55,91200.08,923.3306103227959,01:08:58
23.55,91200.2,923.3189543334995,01:09:58
23.55,91196.08,923.7191537450153,01:10:58
23.55,91195.63,923.7628661493376,01:11:58
23.55,91192.78,924.0397173386431,01:12:58
23.54,91198.16,923.4859823412423,01:13:58
23.54,91196.13,923.683163888156,01:14:58
23.54,91192.22,924.0629716389732,01:15:57
23.54,91194.85,923.8074977954122,01:16:57
23.54,91197.0,923.5986568712234,01:17:57
23.55,91195.26,923.7988076518909,01:18:57
23.54,91199.14,923.3907931193276,01:19:57
23.54,91198.16,923.4859823412423,01:20:57
23.55,91199.38,923.3986039574852,01:21:57
23.55,91195.96,923.7308103610696,01:22:57
23.54,91196.5,923.6472240050692,01:23:57
23.54,91197.16,923.5831154553318,01:24:56
23.54,91191.72,924.1115418028306,01:25:56
23.54,91197.33,923.5666027364985,01:26:56
23.54,91196.01,923.6948201037335,01:27:56
23.54,91195.73,923.7220180110509,01:28:56
23.54,91199.09,923.3956496828164,01:29:56
23.54,91196.3,923.6666509473528,01:30:56
23.54,91198.61,923.4422728534807,01:31:56
23.54,91195.63,923.7317315734648,01:32:55
23.54,91198.2,923.4820970430433,01:33:55
23.54,91200.91,923.2188728138412,01:34:55
23.54,91196.55,923.6423672774316,01:35:55
23.54,91199.59,923.3470841906102,01:36:55
23.54,91199.85,923.3218302598931,01:37:55
23.54,91196.88,923.6103129544463,01:38:55
23.54,91196.22,923.6744217384676,01:39:55
23.54,91194.64,923.8278965254115,01:40:54
23.54,91197.16,923.5831154553318,01:41:54
23.54,91195.63,923.7317315734648,01:42:54
23.54,91198.64,923.439358896757,01:43:54
23.54,91197.7,923.530663416277,01:44:54
23.54,91192.42,924.0435436621856,01:45:54
23.54,91197.0,923.5986568712234,01:46:54
23.54,91197.28,923.5714594147071,01:47:54
23.55,91197.73,923.5588771255525,01:48:54
23.55,91198.55,923.4792257863899,01:49:53
23.54,91199.97,923.3101746284746,01:50:53
23.54,91198.16,923.4859823412423,01:51:53
23.54,91197.0,923.5986568712234,01:52:53
23.54,91194.97,923.7958414033717,01:53:53
23.54,91197.82,923.5190074577976,01:54:53
23.54,91195.84,923.71133310704,01:55:53
23.54,91195.84,923.71133310704,01:56:53
23.54,91198.44,923.458785296466,01:57:52
23.54,91198.81,923.4228464968766,01:58:52
23.54,91196.83,923.6151696611752,01:59:52
23.54,91197.7,923.530663416277,02:00:52
23.54,91198.2,923.4820970430433,02:01:52
23.54,91193.38,923.9502900795119,02:02:52
23.54,91195.23,923.7705859499106,02:03:52
23.54,91194.36,923.8550949190433,02:04:52
23.54,91197.38,923.5617460614621,02:05:51
23.54,91196.63,923.634596519783,02:06:51
23.54,91199.76,923.3305719954494,02:07:51
23.54,91196.22,923.6744217384676,02:08:51
23.54,91197.12,923.5870008062643,02:09:51
23.54,91197.12,923.5870008062643,02:10:51
23.54,91192.83,924.0037164683041,02:11:51
23.54,91195.56,923.738531074702,02:12:51
23.54,91197.16,923.5831154553318,02:13:50
23.54,91193.82,923.9075492446061,02:14:50
23.54,91196.17,923.6792784870241,02:15:50
23.54,91199.02,923.4024488770096,02:16:50
23.54,91197.05,923.5938001752684,02:17:50
23.54,91191.51,924.1319413661715,02:18:50
23.54,91198.98,923.4063341336245,02:19:50
23.54,91197.66,923.5345487398241,02:20:50
23.54,91194.31,923.8599517855121,02:21:50
23.54,91196.66,923.6316824877653,02:22:49
23.55,91195.26,923.7988076518909,02:23:49
23.54,91198.64,923.439358896757,02:24:49
23.55,91200.04,923.3344956566157,02:25:49
23.54,91198.16,923.4859823412423,02:26:49
23.55,91196.58,923.6705847079752,02:27:49
23.54,91197.82,923.5190074577976,02:28:49
23.54,91199.47,923.3587398798295,02:29:49
23.55,91197.73,923.5588771255525,02:30:48
23.55,91200.41,923.2985563961627,02:31:48
23.54,91199.8,923.326686778382,02:32:48
23.54,91198.48,923.454900012466,02:33:48
23.54,91192.7,924.016344579871,02:34:48
23.55,91197.07,923.6229873591674,02:35:48
23.55,91194.92,923.8318351315736,02:36:48
23.55,91194.77,923.8464061250886,02:37:48
23.54,91197.16,923.5831154553318,02:38:48
23.55,91194.92,923.8318351315736,02:39:47
23.55,91198.6,923.474369024982,02:40:47
23.55,91197.89,923.5433353339035,02:41:47
23.55,91193.44,923.9756035153749,02:42:47
23.55,91196.41,923.6870981450038,02:43:47
23.55,91193.98,923.9231471616703,02:44:47
23.55,91192.62,924.055260166848,02:45:47
23.55,91196.78,923.6511571819015,02:46:47
23.55,91195.59,923.7667517088137,02:47:46
23.55,91195.3,923.7949220756811,02:48:46
23.55,91200.08,923.3306103227959,02:49:46
23.55,91192.57,924.0601173073127,02:50:46
23.55,91195.3,923.7949220756811,02:51:46
23.55,91195.3,923.7949220756811,02:52:46
23.55,91194.64,923.8590343425446,02:53:46
23.55,91194.38,923.8842908417258,02:54:46
23.55,91194.05,923.9163472910401,02:55:45
23.55,91196.29,923.6987547108572,02:56:45
23.55,91195.21,923.8036646250088,02:57:45
23.55,91194.97,923.8269781400801,02:58:45
23.55,91193.06,924.0125174673757,02:59:45
23.55,91194.59,923.8638913549577,03:00:45
23.55,91195.3,923.7949220756811,03:01:45
23.55,91194.64,923.8590343425446,03:02:45
23.55,91194.88,923.8357207270611,03:03:45
23.55,91192.23,924.0931459465758,03:04:44
23.55,91192.16,924.0999459787351,03:05:44
23.55,91196.86,923.6433861856697,03:06:44
23.56,91196.91,923.6696597023544,03:07:44
23.55,91195.3,923.7949220756811,03:08:44
23.56,91198.46,923.5190932755836,03:09:44
23.55,91191.74,924.1407463021654,03:10:44
23.55,91195.38,923.7871509293429,03:11:44
23.55,91197.85,923.5472207787776,03:12:43
23.55,91198.05,923.5277935747081,03:13:43
23.55,91196.86,923.6433861856697,03:14:43
23.55,91194.55,923.8677769671789,03:15:43
23.55,91197.73,923.5588771255525,03:16:43
23.55,91198.05,923.5277935747081,03:17:43
23.55,91195.91,923.7356672898144,03:18:43
23.55,91197.06,923.6239587305847,03:19:43
23.55,91198.72,923.462712810556,03:20:42
23.55,91197.02,923.6278442175516,03:21:42
23.56,91196.98,923.6628598625754,03:22:42
23.56,91195.33,923.8231434529176,03:23:42
23.55,91196.41,923.6870981450038,03:24:42
23.56,91200.94,923.2781933278757,03:25:42
23.55,91196.91,923.6385293171397,03:26:42
23.55,91195.25,923.799779046255,03:27:42
23.56,91195.66,923.7910864587169,03:28:42
23.56,91195.82,923.7755437233492,03:29:41
23.56,91195.0,923.8552005851885,03:30:41
23.56,91197.26,923.6356605655615,03:31:41
23.56,91197.92,923.5715483301609,03:32:41
23.56,91199.83,923.3860145179862,03:33:41
23.56,91198.83,923.48315206272,03:34:41
23.56,91197.8,923.5832050591495,03:35:41
23.56,91199.0,923.4666385906803,03:36:41
23.56,91200.61,923.3102481131358,03:37:40
23.56,91197.64,923.5987473928852,03:38:40
23.56,91196.86,923.6745167345805,03:39:40
23.56,91194.71,923.8833721184391,03:40:40
23.56,91199.73,923.39572821541,03:41:40
23.56,91196.44,923.7153159303599,03:42:40
23.56,91193.96,923.9562300264718,03:43:40
23.56,91198.09,923.5550346619931,03:44:40
23.56,91197.97,923.566691365125,03:45:39
23.57,91197.54,923.6395896906001,03:46:39
23.56,91195.11,923.8445148590893,03:47:39
23.56,91198.29,923.535606864003,03:48:39
23.56,91196.27,923.731829954133,03:49:39
23.56,91194.78,923.8765720834036,03:50:39
23.56,91197.42,923.620118154753,03:51:39
23.56,91195.66,923.7910864587169,03:52:39
23.56,91192.52,924.0961192091149,03:53:39
23.56,91197.75,923.5880620349596,03:54:38
23.56,91195.16,923.8396577159367,03:55:38
23.57,91195.73,923.8154207564764,03:56:38
23.56,91194.66,923.8882292901138,03:57:38
23.56,91192.84,924.0650324968728,03:58:38
23.57,91191.6,924.2166420003917,03:59:38
23.57,91192.42,924.1369789188841,04:00:38
23.56,91196.31,923.72794429819,04:01:38
23.56,91193.17,924.0329744608614,04:02:37
23.57,91194.78,923.9077094421742,04:03:37
23.56,91194.33,923.9202867027113,04:04:37
23.56,91194.16,923.9368011812586,04:05:37
23.56,91196.64,923.6958877140037,04:06:37
23.57,91196.22,923.7678196711655,04:07:37
23.57,91197.54,923.6395896906001,04:08:37
23.57,91197.7,923.6240468127597,04:09:37
23.57,91194.08,923.9757123638564,04:10:37
23.56,91192.84,924.0650324968728,04:11:36
23.57,91196.88,923.7037044047432,04:12:36
23.57,91194.08,923.9757123638564,04:13:36
23.56,91195.48,923.808572074808,04:14:36
23.57,91197.7,923.6240468127597,04:15:36
23.57,91197.54,923.6395896906001,04:16:36
23.57,91195.56,923.8319354898565,04:17:36
23.57,91195.44,923.8435929707749,04:18:36
23.57,91195.94,923.7950202540653,04:19:35
23.57,91195.27,923.8601077666647,04:20:35
23.57,91198.91,923.5065048499413,04:21:35
23.57,91192.14,924.1641808508568,04:22:35
23.57,91197.09,923.6833042085153,04:23:35
23.57,91192.09,924.1690383491613,04:24:35
23.57,91192.47,924.1321214414905,04:25:35
23.57,91195.27,923.8601077666647,04:26:35
23.57,91198.81,923.5162189913822,04:27:34
23.57,91195.44,923.8435929707749,04:28:34
23.57,91192.14,924.1641808508568,04:29:34
23.57,91196.22,923.7678196711655,04:30:34
23.57,91195.19,923.8678794479913,04:31:34
23.57,91191.88,924.1894398766934,04:32:34
23.57,91198.2,923.5754755287059,04:33:34
23.57,91195.63,923.8251353010833,04:34:34
23.57,91196.72,923.7192474489183,04:35:34
23.57,91193.33,924.048573326513,04:36:33
23.57,91194.56,923.9290817220462,04:37:33
23.57,91195.35,923.852336093447,04:38:33
23.57,91199.59,923.4404490243616,04:39:33
23.57,91194.52,923.9329675976996,04:40:33
23.57,91195.67,923.8212494817262,04:41:33
23.57,91194.28,923.9562828942626,04:42:33
23.57,91197.7,923.6240468127597,04:43:32
23.57,91194.56,923.9290817220462,04:44:32
23.57,91197.2,923.6726184137614,04:45:32
23.57,91196.55,923.735761968922,04:46:32
23.57,91196.29,923.7610195409691,04:47:32
23.57,91195.97,923.7921059011406,04:48:32
23.57,91199.76,923.4239351595595,04:49:32
23.57,91195.55,923.8329069458996,04:50:32
23.58,91193.7,924.0437693905285,04:51:32
23.57,91195.55,923.8329069458996,04:52:31
23.57,91197.53,923.6405611215358,04:53:31
23.57,91193.04,924.0767464232761,04:54:31
23.57,91193.53,924.0291436667344,04:55:31
23.57,91198.77,923.5201046515102,04:56:31
23.58,91197.98,923.6279737367829,04:57:31
23.58,91195.34,923.8844430774844,04:58:31
23.57,91198.2,923.5754755287059,04:59:31
23.57,91200.25,923.3763365777698,05:00:30
23.58,91196.34,923.78729456028,05:01:30
23.58,91195.51,923.8679277401093,05:02:30
23.58,91197.0,923.7231772334698,05:03:30
23.57,91195.97,923.7921059011406,05:04:30
23.57,91197.61,923.6327896775475,05:05:30
23.57,91199.84,923.4161639417396,05:06:30
23.57,91196.95,923.6969043331239,05:07:30
23.58,91197.56,923.6687750862665,05:08:30
23.58,91193.94,924.020453131701,05:09:29
23.58,91198.98,923.5308285667543,05:10:29
23.58,91195.02,923.9155308707733,05:11:29
23.58,91198.88,923.54054302671,05:12:29
23.58,91193.03,924.1088609996414,05:13:29
23.57,91197.78,923.6162753860131,05:14:29
23.58,91195.02,923.9155308707733,05:15:29
23.58,91194.59,923.9573052974607,05:16:29
23.58,91193.7,924.0437693905285,05:17:28
23.57,91194.14,923.9698835176517,05:18:28
23.58,91194.59,923.9573052974607,05:19:28
23.58,91193.36,924.0768008822203,05:20:28
23.58,91192.88,924.1234338259229,05:21:28
23.58,91191.79,924.2293305538809,05:22:28
23.57,91190.02,924.3701415615828,05:23:28
23.58,91193.32,924.0806869497044,05:24:28
23.58,91196.78,923.7445496143766,05:25:28
23.58,91193.11,924.1010888372842,05:26:27
23.58,91194.47,923.9689633188447,05:27:27
23.58,91193.06,924.1059464377971,05:28:27
23.58,91194.71,923.9456472943427,05:29:27
23.58,91194.71,923.9456472943427,05:30:27
23.58,91192.41,924.1690955330491,05:31:27
23.59,91195.81,923.8699171030302,05:32:27
23.58,91195.7,923.8494694652283,05:33:27
23.58,91193.61,924.0525130064135,05:34:26
23.58,91190.52,924.3527167151774,05:35:26
23.58,91195.47,923.8718136985449,05:36:26
23.58,91193.11,924.1010888372842,05:37:26
23.58,91193.72,924.0418263661727,05:38:26
23.59,91196.56,923.7970535877308,05:39:26
23.58,91194.64,923.9524477939442,05:40:26
23.58,91196.45,923.7766083007866,05:41:26
23.58,91195.75,923.8446120320692,05:42:25
23.58,91190.8,924.3255132912644,05:43:25
23.58,91193.77,924.0369688074934,05:44:25
23.58,91194.1,924.0049089997223,05:45:25
23.59,91191.78,924.2614492714767,05:46:25
23.58,91191.41,924.2662490333809,05:47:25
23.58,91194.59,923.9573052974607,05:48:25
23.58,91194.64,923.9524477939442,05:49:25
23.58,91195.53,923.8659847616417,05:50:25
23.58,91194.38,923.9777068468666,05:51:24
23.58,91192.83,924.1282914410322,05:52:24
23.58,91192.66,924.1448073560867,05:53:24
23.58,91195.38,923.88055711245,05:54:24
23.58,91193.32,924.0806869497044,05:55:24
23.58,91193.48,924.0651426919418,05:56:24
23.58,91192.54,924.1564656711355,05:57:24
23.58,91194.02,924.012681061657,05:58:24
23.58,91198.1,923.6163162494408,05:59:23
23.58,91193.94,924.020453131701,06:00:23
23.58,91194.19,923.9961654397501,06:01:23
23.58,91194.8,923.936903803978,06:02:23
23.58,91194.1,924.0049089997223,06:03:23
23.58,91196.25,923.7960378748978,06:04:23
23.58,91193.11,924.1010888372842,06:05:23
23.58,91193.61,924.0525130064135,06:06:23
23.58,91193.94,924.020453131701,06:07:22
23.58,91194.19,923.9961654397501,06:08:22
23.58,91195.42,923.8766711494428,06:09:22
23.58,91198.1,923.6163162494408,06:10:22
23.58,91196.17,923.8038097187456,06:11:22
23.58,91196.0,923.8203249138651,06:12:22
23.58,91194.19,923.9961654397501,06:13:22
23.58,91196.17,923.8038097187456,06:14:22
23.58,91193.44,924.069028753344,06:15:22
23.58,91195.84,923.8358686603927,06:16:21
23.58,91194.36,923.9796498544868,06:17:21
23.58,91198.48,923.5794009932894,06:18:21
23.58,91197.0,923.7231772334698,06:19:21
23.58,91195.34,923.8844430774844,06:20:21
23.58,91194.97,923.9203883502054,06:21:21
23.58,91190.8,924.3255132912644,06:22:21
23.58,91195.18,923.8999869578952,06:23:21
23.57,91194.31,923.9533684781999,06:24:20
23.57,91195.47,923.8406785988349,06:25:20
23.57,91196.13,923.7765627048219,06:26:20
23.57,91194.14,923.9698835176517,06:27:20
23.58,91196.5,923.7717509151779,06:28:20
23.57,91195.89,923.7998775114736,06:29:20
23.58,91193.86,924.0282252098642,06:30:20
23.58,91198.48,923.5794009932894,06:31:20
23.58,91196.0,923.8203249138651,06:32:19
23.57,91194.8,923.9057665106876,06:33:19
23.58,91192.7,924.140921255132,06:34:19
23.57,91195.63,923.8251353010833,06:35:19
23.57,91192.59,924.1204635086817,06:36:19
23.58,91196.0,923.8203249138651,06:37:19
23.57,91190.84,924.2904768372459,06:38:19
23.57,91192.16,924.1622378524107,06:39:19
23.58,91193.7,924.0437693905285,06:40:19
23.58,91196.91,923.7319204727835,06:41:18
23.57,91194.48,923.9368534753903,06:42:18
23.58,91195.18,923.8999869578952,06:43:18
23.58,91191.72,924.2361313126628,06:44:18
23.58,91194.19,923.9961654397501,06:45:18
23.58,91193.81,924.0330827628367,06:46:18
23.58,91194.76,923.9407897984287,06:47:18
23.58,91195.18,923.8999869578952,06:48:18
23.58,91192.38,924.1720101196063,06:49:17
23.58,91194.59,923.9573052974607,06:50:17
23.58,91193.2,924.0923451643307,06:51:17
23.58,91192.61,924.1496649851439,06:52:17
23.58,91194.97,923.9203883502054,06:53:17
23.57,91197.28,923.6648469363033,06:54:17
23.57,91191.92,924.1855538671415,06:55:17
23.57,91193.66,924.0165144150756,06:56:17
23.58,91194.85,923.9320463137707,06:57:16
23.58,91194.64,923.9524477939442,06:58:16
23.57,91195.3,923.8571933882579,06:59:16
23.57,91191.92,924.1855538671415,07:00:16
23.58,91195.02,923.9155308707733,07:01:16
23.58,91195.8,923.839754602093,07:02:16
23.57,91193.98,923.9854271176636,07:03:16
23.57,91192.91,924.0893757771275,07:04:16
23.58,91195.67,923.85238392664,07:05:16
23.58,91192.12,924.1972699176025,07:06:15
23.58,91192.33,924.1768677664126,07:07:15
23.58,91194.27,923.9883933950575,07:08:15
23.58,91193.48,924.0651426919418,07:09:15
23.58,91198.1,923.6163162494408,07:10:15
23.58,91193.81,924.0330827628367,07:11:15
23.58,91196.95,923.7280345873814,07:12:15
23.58,91192.05,924.2040706470897,07:13:15
23.58,91191.06,924.3002530580778,07:14:14
23.58,91190.97,924.3089969752502,07:15:14
23.58,91195.02,923.9155308707733,07:16:14
23.57,91194.02,923.9815412146223,07:17:14
23.58,91194.92,923.9252458328002,07:18:14
23.57,91193.25,924.0563452046232,07:19:14
23.57,91191.27,924.2487017737985,07:20:14
23.57,91195.06,923.8805084474623,07:21:14
23.58,91197.49,923.6755753329215,07:22:13
23.57,91193.16,924.0650885771923,07:23:13
23.58,91195.51,923.8679277401093,07:24:13
23.57,91194.8,923.9057665106876,07:25:13
23.57,91193.98,923.9854271176636,07:26:13
23.57,91194.48,923.9368534753903,07:27:13
23.58,91192.05,924.2040706470897,07:28:13
23.57,91194.14,923.9698835176517,07:29:13
23.57,91194.48,923.9368534753903,07:30:13
23.57,91192.59,924.1204635086817,07:31:12
23.58,91193.36,924.0768008822203,07:32:12
23.57,91193.66,924.0165144150756,07:33:12
23.58,91193.98,924.0165670956603,07:34:12
23.57,91191.84,924.193325888283,07:35:12
23.57,91192.33,924.1457223861756,07:36:12
23.58,91192.38,924.1720101196063,07:37:12
23.57,91193.98,923.9854271176636,07:38:12
23.57,91193.91,923.992227452874,07:39:11
23.57,91192.42,924.1369789188841,07:40:11
23.57,91190.52,924.3215654087131,07:41:11
23.58,91193.2,924.0923451643307,07:42:11
23.58,91196.0,923.8203249138651,07:43:11
23.57,91191.34,924.2419012042601,07:44:11
23.57,91191.27,924.2487017737985,07:45:11
23.58,91196.83,923.7396922496898,07:46:11
23.57,91196.13,923.7765627048219,07:47:11
23.58,91198.81,923.5473431562174,07:48:10
23.58,91193.53,924.0602851180577,07:49:10
23.58,91193.03,924.1088609996414,07:50:10
23.58,91196.34,923.78729456028,07:51:10
23.57,91195.8,923.8086205827959,07:52:10
23.58,91195.09,923.908730404896,07:53:10
23.58,91193.7,924.0437693905285,07:54:10
23.58,91193.36,924.0768008822203,07:55:10
23.57,91195.63,923.8251353010833,07:56:09
23.58,91192.61,924.1496649851439,07:57:09
23.58,91195.67,923.85238392664,07:58:09
23.58,91192.38,924.1720101196063,07:59:09
23.58,91197.33,923.6911187771788,08:00:09
23.58,91197.23,923.7008334463214,08:01:09
23.58,91193.65,924.0486269536476,08:02:09
23.57,91193.82,924.0009707501415,08:03:09
23.58,91193.94,924.020453131701,08:04:08
23.58,91195.34,923.8844430774844,08:05:08
23.58,91194.19,923.9961654397501,08:06:08
23.57,91193.33,924.048573326513,08:07:08
23.57,91190.84,924.2904768372459,08:08:08
23.57,91193.33,924.048573326513,08:09:08
23.57,91191.1,924.265217468533,08:10:08
23.57,91190.69,924.3050495889489,08:11:08
23.57,91192.83,924.0971476978501,08:12:07
23.57,91192.38,924.1408649030755,08:13:07
23.57,91196.88,923.7037044047432,08:14:07
23.57,91193.66,924.0165144150756,08:15:07
23.58,91195.51,923.8679277401093,08:16:07
23.57,91194.48,923.9368534753903,08:17:07
23.57,91192.3,924.1486368775502,08:18:07
23.57,91195.06,923.8805084474623,08:19:07
23.57,91195.39,923.8484502598791,08:20:07
23.57,91195.35,923.852336093447,08:21:06
23.57,91193.58,924.0242862597061,08:22:06
23.57,91192.09,924.1690383491613,08:23:06
23.57,91196.55,923.735761968922,08:24:06
23.57,91195.55,923.8329069458996,08:25:06
23.57,91194.73,923.9125667731204,08:26:06
23.57,91192.97,924.0835468419173,08:27:06
23.57,91191.55,924.2214995329361,08:28:06
23.57,91190.73,924.301163519036,08:29:05
23.57,91189.58,924.4128888383461,08:30:05
23.57,91191.22,924.253559327264,08:31:05
23.57,91195.55,923.8329069458996,08:32:05
23.57,91194.41,923.9436537662245,08:33:05
23.57,91192.71,924.1088055941383,08:34:05
23.57,91192.47,924.1321214414905,08:35:05
23.57,91195.06,923.8805084474623,08:36:05
23.57,91191.81,924.196240398298,08:37:05
23.57,91192.3,924.1486368775502,08:38:04
23.57,91191.31,924.2448157333007,08:39:04
23.57,91192.59,924.1204635086817,08:40:04
23.57,91196.34,923.7561623089215,08:41:04
23.57,91195.77,923.8115349421874,08:42:04
23.57,91192.76,924.1039481351318,08:43:04
23.57,91194.78,923.9077094421742,08:44:04
23.57,91189.0,924.4692378964438,08:45:04
23.57,91193.13,924.0680030370028,08:46:03
23.57,91191.44,924.2321861157061,08:47:03
23.57,91194.95,923.8911945406757,08:48:03
23.57,91190.48,924.3254514892793,08:49:03
23.57,91191.11,924.2642459560622,08:50:03
23.57,91195.27,923.8601077666647,08:51:03
23.57,91193.3,924.0514877798464,08:52:03
23.57,91196.39,923.7513050800362,08:53:03
23.57,91196.01,923.7882200990252,08:54:02
23.57,91187.48,924.616913313932,08:55:02
23.57,91193.63,924.0194288558606,08:56:02
23.57,91195.61,923.8270782115272,08:57:02
23.57,91191.88,924.1894398766934,08:58:02
23.57,91194.95,923.8911945406757,08:59:02
23.57,91193.63,924.0194288558606,09:00:02
23.57,91194.78,923.9077094421742,09:01:02
23.57,91194.28,923.9562828942626,09:02:02
23.57,91193.79,924.0038851848449,09:03:01
23.57,91195.06,923.8805084474623,09:04:01
23.57,91195.19,923.8678794479913,09:05:01
23.57,91193.2,924.0612026325623,09:06:01
23.57,91192.97,924.0835468419173,09:07:01
23.57,91190.66,924.3079641427216,09:08:01
23.57,91192.8,924.1000621702092,09:09:01
23.57,91192.8,924.1000621702092,09:10:01
23.57,91193.7,924.0126284957962,09:11:00
23.57,91192.3,924.1486368775502,09:12:00
23.57,91194.36,923.948511120626,09:13:00
23.57,91193.86,923.9970848389812,09:14:00
23.57,91196.1,923.7794770516648,09:15:00
23.57,91195.44,923.8435929707749,09:16:00
23.57,91196.39,923.7513050800362,09:17:00
23.57,91198.25,923.5706184177347,09:18:00
23.57,91193.3,924.0514877798464,09:19:00
23.56,91191.86,924.1602359631569,09:19:59
23.57,91196.01,923.7882200990252,09:20:59
23.57,91194.28,923.9562828942626,09:21:59
23.57,91194.95,923.8911945406757,09:22:59
23.57,91195.39,923.8484502598791,09:23:59
23.57,91193.46,924.0359440418812,09:24:59
23.57,91191.64,924.2127559766388,09:25:59
23.57,91194.2,923.9640546760082,09:26:59
23.57,91192.38,924.1408649030755,09:27:58
23.57,91196.84,923.7075901627462,09:28:58
23.57,91195.35,923.852336093447,09:29:58
23.57,91190.98,924.2768756280574,09:30:58
23.57,91193.63,924.0194288558606,09:31:58
23.57,91191.77,924.2001264134351,09:32:58
23.57,91190.73,924.301163519036,09:33:58
23.57,91192.59,924.1204635086817,09:34:58
23.57,91193.58,924.0242862597061,09:35:57
23.57,91194.2,923.9640546760082,09:36:57
23.57,91190.89,924.2856192596767,09:37:57
23.57,91193.04,924.0767464232761,09:38:57
23.57,91195.06,923.8805084474623,09:39:57
23.57,91192.71,924.1088055941383,09:40:57
23.57,91194.69,923.916452640158,09:41:57
23.57,91194.69,923.916452640158,09:42:57
23.57,91192.55,924.1243494842574,09:43:56
23.57,91194.36,923.948511120626,09:44:56
23.57,91192.8,924.1000621702092,09:45:56
23.57,91188.91,924.4779817540286,09:46:56
23.57,91187.19,924.645088561934,09:47:56
23.57,91194.24,923.9601687841268,09:48:56
23.56,91190.2,924.3215017558252,09:49:56
23.57,91191.06,924.269103519674,09:50:56
23.57,91193.13,924.0680030370028,09:51:56
23.57,91190.98,924.2768756280574,09:52:55
23.57,91191.88,924.1894398766934,09:53:55
23.57,91194.24,923.9601687841268,09:54:55
23.56,91194.33,923.9202867027113,09:55:55
23.57,91194.24,923.9601687841268,09:56:55
23.57,91193.41,924.0408014565116,09:57:55
23.57,91194.13,923.9708549916965,09:58:55
23.57,91197.09,923.6833042085153,09:59:55
23.57,91195.39,923.8484502598791,10:00:54
23.57,91190.33,924.3400243094623,10:01:54
23.57,91195.56,923.8319354898565,10:02:54
23.57,91190.94,924.2807616852901,10:03:54
23.57,91193.58,924.0242862597061,10:04:54
23.57,91193.79,924.0038851848449,10:05:54
23.56,91194.0,923.9523442533687,10:06:54
23.57,91193.25,924.0563452046232,10:07:54
23.57,91195.89,923.7998775114736,10:08:53
23.57,91195.44,923.8435929707749,10:09:53
23.57,91194.24,923.9601687841268,10:10:53
23.57,91191.77,924.2001264134351,10:11:53
23.56,91194.5,923.9037722607949,10:12:53
23.57,91192.47,924.1321214414905,10:13:53
23.57,91194.41,923.9436537662245,10:14:53
23.57,91191.77,924.2001264134351,10:15:53
23.57,91193.25,924.0563452046232,10:16:53
23.57,91190.61,924.3128217348668,10:17:52
23.56,91196.14,923.7444583499886,10:18:52
23.56,91196.31,923.72794429819,10:19:52
23.57,91192.76,924.1039481351318,10:20:52
23.57,91191.27,924.2487017737985,10:21:52
23.57,91191.6,924.2166420003917,10:22:52
23.56,91193.13,924.0368602760485,10:23:52
23.56,91193.67,923.9844019421066,10:24:52
23.56,91193.23,924.0271457418718,10:25:51
23.56,91197.52,923.6104041644747,10:26:51
23.56,91193.13,924.0368602760485,10:27:51
23.56,91192.97,924.0524035571086,10:28:51
23.56,91195.11,923.8445148590893,10:29:51
23.56,91194.38,923.9154295101062,10:30:51
23.56,91191.53,924.1922945473035,10:31:51
23.56,91194.38,923.9154295101062,10:32:51
23.56,91191.65,924.1806368643615,10:33:50
23.56,91196.36,923.7230872311068,10:34:50
23.56,91194.78,923.8765720834036,10:35:50
23.56,91191.2,924.2243532695203,10:36:50
23.56,91192.64,924.0844616768114,10:37:50
23.56,91194.88,923.8668577584303,10:38:50
23.56,91190.88,924.2554406471792,10:39:50
23.56,91191.73,924.1728650858828,10:40:50
23.56,91194.34,923.9193152639308,10:41:50
23.56,91190.83,924.2602980616678,10:42:49
23.56,91194.01,923.9513728104123,10:43:49
23.56,91193.23,924.0271457418718,10:44:49
23.56,91191.53,924.1922945473035,10:45:49
23.56,91194.88,923.8668577584303,10:46:49
23.56,91196.44,923.7153159303599,10:47:49
23.56,91190.38,924.3040149347063,10:48:49
23.56,91195.61,923.7959435701747,10:49:49
23.56,91193.84,923.967887357944,10:50:48
23.56,91197.26,923.6356605655615,10:51:48
23.56,91194.45,923.9086294457882,10:52:48
23.56,91191.91,924.1553786139735,10:53:48
23.56,91191.81,924.1650933155129,10:54:48
23.56,91192.4,924.1077767596729,10:55:48
23.56,91194.13,923.9397155048068,10:56:48
23.56,91195.04,923.8513148648323,10:57:48
23.56,91194.71,923.8833721184391,10:58:47
23.56,91195.7,923.7872007718393,10:59:47
23.56,91191.7,924.1757795018596,11:00:47
23.56,91193.72,923.9795447076708,11:01:47
23.56,91195.0,923.8552005851885,11:02:47
23.56,91192.14,924.1330348485363,11:03:47
23.56,91195.38,923.8182863237118,11:04:47
23.56,91192.4,924.1077767596729,11:05:47
23.56,91191.32,924.2126955363755,11:06:47
23.56,91192.69,924.0796043770706,11:07:46
23.56,91193.67,923.9844019421066,11:08:46
23.56,91191.25,924.2194958784861,11:09:46
23.56,91192.4,924.1077767596729,11:10:46
23.56,91193.96,923.9562300264718,11:11:46
23.56,91197.84,923.5793194807962,11:12:46
23.56,91192.48,924.1000050572737,11:13:46
23.56,91192.8,924.0689183288042,11:14:46
23.56,91196.03,923.7551439324328,11:15:45
23.56,91194.33,923.9202867027113,11:16:45
23.56,91193.51,923.9999451136187,11:17:45
23.56,91193.47,924.0038309115748,11:18:45
23.56,91193.96,923.9562300264718,11:19:45
23.56,91194.88,923.8668577584303,11:20:45
23.56,91187.95,924.5400904861725,11:21:45
23.56,91190.49,924.2933285642524,11:22:45
23.56,91191.03,924.2408684227385,11:23:45
23.56,91189.43,924.3963069543538,11:24:44
23.56,91192.73,924.0757185395645,11:25:44
23.56,91194.22,923.9309725375882,11:26:44
23.56,91190.7,924.2729273541788,11:27:44
23.56,91192.85,924.0640610392093,11:28:44
23.55,91189.14,924.3933247108124,11:29:44
23.56,91191.2,924.2243532695203,11:30:44
23.56,91192.85,924.0640610392093,11:31:44
23.56,91190.21,924.320530264683,11:32:43
23.56,91190.88,924.2554406471792,11:33:43
23.56,91188.89,924.4487681914288,11:34:43
23.56,91191.86,924.1602359631569,11:35:43
23.56,91189.55,924.3846489518801,11:36:43
23.55,91188.48,924.4574421324706,11:37:43
23.56,91193.34,924.0164597689145,11:38:43
23.55,91189.14,924.3933247108124,11:39:43
23.56,91190.88,924.2554406471792,11:40:42
23.56,91188.73,924.464312332686,11:41:42
23.56,91192.89,924.0601752098117,11:42:42
23.56,91185.71,924.7577140879079,11:43:42
23.56,91188.44,924.4924861714513,11:44:42
23.56,91190.38,924.3040149347063,11:45:42
23.56,91191.25,924.2194958784861,11:46:42
23.56,91193.67,923.9844019421066,11:47:42
23.56,91190.7,924.2729273541788,11:48:41
23.55,91188.82,924.4244118765678,11:49:41
23.56,91191.53,924.1922945473035,11:50:41
23.56,91193.34,924.0164597689145,11:51:41
23.56,91190.88,924.2554406471792,11:52:41
23.56,91189.1,924.4283665552958,11:53:41
23.56,91186.95,924.6372430935818,11:54:41
23.56,91191.2,924.2243532695203,11:55:41
23.56,91190.09,924.332188166731,11:56:41
23.56,91192.36,924.1116626139234,11:57:40
23.56,91190.38,924.3040149347063,11:58:40
23.55,91189.48,924.360294739453,11:59:40
23.56,91191.58,924.1874371771895,12:00:40
23.55,91190.47,924.2641200693892,12:01:40
23.55,91189.14,924.3933247108124,12:02:40
23.55,91190.09,924.301035452358,12:03:40
23.55,91187.99,924.5050448179239,12:04:40
23.56,91190.7,924.2729273541788,12:05:39
23.56,91192.56,924.0922333629832,12:06:39
23.56,91190.05,924.3360741381314,12:07:39
23.56,91188.39,924.4973437406329,12:08:39
23.56,91189.06,924.4322525769192,12:09:39
23.56,91186.42,924.688734489657,12:10:39
23.55,91189.97,924.3126929797544,12:11:39
23.55,91189.97,924.3126929797544,12:12:39
23.55,91192.78,924.0397173386431,12:13:39
23.55,91188.16,924.4885295660358,12:14:38
23.55,91191.78,924.1368605474395,12:15:38
23.56,91191.91,924.1553786139735,12:16:38
23.56,91191.53,924.1922945473035,12:17:38
23.56,91192.89,924.0601752098117,12:18:38
23.56,91186.09,924.7207953501778,12:19:38
23.56,91193.84,923.967887357944,12:20:38
23.56,91192.03,924.1437209888563,12:21:38
23.56,91191.53,924.1922945473035,12:22:37
23.56,91191.7,924.1757795018596,12:23:37
23.56,91195.33,923.8231434529176,12:24:37
23.55,91195.05,923.8192069602745,12:25:37
23.56,91190.09,924.332188166731,12:26:37
23.55,91192.45,924.0717744573755,12:27:37
23.56,91192.85,924.0640610392093,12:28:37
23.56,91189.55,924.3846489518801,12:29:37
23.56,91192.19,924.1281775170906,12:30:36
23.56,91189.72,924.3681334796369,12:31:36
23.56,91194.01,923.9513728104123,12:32:36
23.56,91189.72,924.3681334796369,12:33:36
23.55,91186.25,924.6740853856057,12:34:36
23.56,91191.37,924.2078381529533,12:35:36
23.56,91192.23,924.1242916542247,12:36:36
23.56,91190.54,924.2884711282151,12:37:36
23.56,91190.25,924.3166443013913,12:38:36
23.56,91188.39,924.4973437406329,12:39:35
23.56,91188.73,924.464312332686,12:40:35
23.56,91190.75,924.2680699314398,12:41:35
23.56,91195.16,923.8396577159367,12:42:35
23.56,91189.06,924.4322525769192,12:43:35
23.56,91192.03,924.1437209888563,12:44:35
23.56,91193.34,924.0164597689145,12:45:35
23.56,91194.01,923.9513728104123,12:46:35
23.56,91192.36,924.1116626139234,12:47:34
23.56,91194.5,923.9037722607949,12:48:34
23.55,91189.31,924.3768097068078,12:49:34
23.56,91194.34,923.9193152639308,12:50:34
23.56,91190.91,924.2525262000145,12:51:34
23.55,91195.75,923.7512094830821,12:52:34
23.56,91189.88,924.3525895392413,12:53:34
23.56,91191.7,924.1757795018596,12:54:34
23.56,91191.86,924.1602359631569,12:55:33
23.56,91190.83,924.2602980616678,12:56:33
23.56,91193.52,923.998973664449,12:57:33
23.56,91193.67,923.9844019421066,12:58:33
23.56,91191.73,924.1728650858828,12:59:33
23.56,91191.25,924.2194958784861,13:00:33
23.56,91194.01,923.9513728104123,13:01:33
23.56,91191.53,924.1922945473035,13:02:33
23.56,91192.85,924.0640610392093,13:03:33
23.55,91193.6,923.9600608535135,13:04:32
23.55,91191.63,924.1514321381168,13:05:32
23.56,91192.23,924.1242916542247,13:06:32
23.56,91190.59,924.2836136953401,13:07:32
23.56,91189.27,924.4118509860529,13:08:32
23.56,91192.23,924.1242916542247,13:09:32
23.56,91188.44,924.4924861714513,13:10:32
23.56,91191.25,924.2194958784861,13:11:32
23.55,91190.14,924.2961781546614,13:12:31
23.56,91190.66,924.2768132946446,13:13:31
23.56,91193.39,924.0116025135584,13:14:31
23.56,91192.89,924.0601752098117,13:15:31
23.56,91192.69,924.0796043770706,13:16:31
23.56,91192.85,924.0640610392093,13:17:31
23.56,91192.85,924.0640610392093,13:18:31
23.56,91191.41,924.2039522484899,13:19:31
23.56,91188.06,924.5294037767666,13:20:31
23.56,91192.23,924.1242916542247,13:21:30
23.56,91193.52,923.998973664449,13:22:30
23.55,91192.95,924.0232031192362,13:23:30
23.56,91189.88,924.3525895392413,13:24:30
23.56,91190.75,924.2680699314398,13:25:30
23.56,91192.03,924.1437209888563,13:26:30
23.56,91191.2,924.2243532695203,13:27:30
23.55,91193.27,923.9921176291699,13:28:30
23.56,91192.23,924.1242916542247,13:29:29
23.56,91193.39,924.0116025135584,13:30:29
23.55,91190.63,924.248576805014,13:31:29
23.56,91193.67,923.9844019421066,13:32:29
23.56,91192.03,924.1437209888563,13:33:29
23.56,91193.18,924.0320030073738,13:34:29
23.56,91194.5,923.9037722607949,13:35:29
23.56,91194.38,923.9154295101062,13:36:29
23.55,91192.45,924.0717744573755,13:37:28
23.55,91195.58,923.767723099002,13:38:28
23.56,91190.21,924.320530264683,13:39:28
23.56,91195.98,923.7600010204364,13:40:28
23.56,91191.2,924.2243532695203,13:41:28
23.56,91194.01,923.9513728104123,13:42:28
23.56,91190.21,924.320530264683,13:43:28
23.55,91196.08,923.7191537450153,13:44:28
23.55,91192.95,924.0232031192362,13:45:28
23.55,91194.38,923.8842908417258,13:46:27
23.56,91198.63,923.5025797237953,13:47:27
23.55,91193.6,923.9600608535135,13:48:27
23.56,91195.49,923.8076006506129,13:49:27
23.55,91195.05,923.8192069602745,13:50:27
23.56,91195.0,923.8552005851885,13:51:27
23.55,91195.25,923.799779046255,13:52:27
23.56,91196.52,923.7075446377319,13:53:27
23.56,91194.83,923.8717149193308,13:54:26
23.55,91192.45,924.0717744573755,13:55:26
23.56,91194.66,923.8882292901138,13:56:26
23.55,91190.14,924.2961781546614,13:57:26
23.56,91193.55,923.9960593177,13:58:26
23.55,91194.59,923.8638913549577,13:59:26
23.56,91191.37,924.2078381529533,14:00:26
23.56,91193.18,924.0320030073738,14:01:26
23.56,91196.48,923.7114302830322,14:02:25
23.55,91191.29,924.1844611826065,14:03:25
23.56,91195.0,923.8552005851885,14:04:25
23.56,91195.0,923.8552005851885,14:05:25
23.55,91192.61,924.0562315946895,14:06:25
23.55,91194.59,923.8638913549577,14:07:25
23.55,91194.27,923.8949763094855,14:08:25
23.55,91193.93,923.9280042159328,14:09:25
23.55,91193.27,923.9921176291699,14:10:25
23.55,91193.27,923.9921176291699,14:11:24
23.55,91191.78,924.1368605474395,14:12:24
23.55,91192.33,924.0834316257021,14:13:24
23.55,91189.11,924.3962391270816,14:14:24
23.55,91188.61,924.4448128996723,14:15:24
23.55,91189.77,924.3321222326508,14:16:24
23.55,91194.55,923.8677769671789,14:17:24
23.55,91194.38,923.8842908417258,14:18:24
23.55,91195.96,923.7308103610696,14:19:23
23.55,91195.7,923.7560664251448,14:20:23
23.55,91192.95,924.0232031192362,14:21:23
23.55,91190.97,924.215547476011,14:22:23
23.55,91192.57,924.0601173073127,14:23:23
23.55,91192.98,924.0202888490295,14:24:23
23.55,91193.11,924.0076603579762,14:25:23
23.55,91190.02,924.3078356744462,14:26:23
23.55,91193.23,923.9960033083258,14:27:22
23.55,91188.77,924.4292692579529,14:28:22
23.55,91194.55,923.8677769671789,14:29:22
23.55,91194.38,923.8842908417258,14:30:22
23.55,91190.14,924.2961781546614,14:31:22
23.55,91193.89,923.9318898616112,14:32:22
23.55,91195.58,923.767723099002,14:33:22
23.56,91195.0,923.8552005851885,14:34:22
23.55,91190.59,924.2524626180696,14:35:22
23.56,91193.84,923.967887357944,14:36:21
23.56,91189.44,924.3953354534509,14:37:21
23.55,91193.11,924.0076603579762,14:38:21
23.55,91189.93,924.3165788262775,14:39:21
23.55,91191.91,924.1242318586023,14:40:21
23.55,91190.97,924.215547476011,14:41:21
23.55,91191.41,924.1728038560445,14:42:21
23.55,91192.41,924.0756601781272,14:43:21
23.55,91187.95,924.5089307648794,14:44:20
23.55,91192.23,924.0931459465758,14:45:20
23.55,91195.38,923.7871509293429,14:46:20
23.55,91193.39,923.9804606038649,14:47:20
23.55,91190.42,924.268977346156,14:48:20
23.55,91192.73,924.0445744689724,14:49:20
23.55,91191.78,924.1368605474395,14:50:20
23.55,91193.27,923.9921176291699,14:51:20
23.55,91195.21,923.8036646250088,14:52:19
23.55,91192.23,924.0931459465758,14:53:19
23.55,91189.48,924.360294739453,14:54:19
23.55,91192.9,924.0280602387816,14:55:19
23.55,91189.48,924.360294739453,14:56:19
23.55,91186.63,924.637168152354,14:57:19
23.55,91193.56,923.9639465159357,14:58:19
23.55,91194.72,923.8512631292716,14:59:19
23.55,91193.72,923.9484038784198,15:00:18
23.55,91192.57,924.0601173073127,15:01:18
23.55,91194.05,923.9163472910401,15:02:18
23.55,91192.95,924.0232031192362,15:03:18
23.55,91194.76,923.8473775256759,15:04:18
23.56,91195.49,923.8076006506129,15:05:18
23.56,91194.22,923.9309725375882,15:06:18
23.55,91192.95,924.0232031192362,15:07:18
23.55,91194.72,923.8512631292716,15:08:18
23.55,91193.93,923.9280042159328,15:09:17
23.56,91194.01,923.9513728104123,15:10:17
23.55,91193.6,923.9600608535135,15:11:17
23.55,91193.23,923.9960033083258,15:12:17
23.55,91190.09,924.301035452358,15:13:17
23.55,91196.41,923.6870981450038,15:14:17
23.55,91192.78,924.0397173386431,15:15:17
23.55,91194.76,923.8473775256759,15:16:17
23.55,91193.77,923.9435468108493,15:17:17
23.55,91196.08,923.7191537450153,15:18:16
23.55,91195.47,923.7784083994146,15:19:16
23.55,91195.7,923.7560664251448,15:20:16
23.55,91195.54,923.7716086610119,15:21:16
23.56,91196.48,923.7114302830322,15:22:16
23.55,91192.95,924.0232031192362,15:23:16
23.56,91193.34,924.0164597689145,15:24:16
23.55,91192.28,924.0882887845527,15:25:16
23.55,91196.24,923.7036116186823,15:26:15
23.56,91197.14,923.6473173949657,15:27:15
23.56,91193.55,923.9960593177,15:28:15
23.55,91195.41,923.7842367515616,15:29:15
23.56,91194.83,923.8717149193308,15:30:15
23.56,91194.01,923.9513728104123,15:31:15
23.56,91193.18,924.0320030073738,15:32:15
23.56,91195.49,923.8076006506129,15:33:15
23.55,91193.11,924.0076603579762,15:34:14
23.56,91192.89,924.0601752098117,15:35:14
23.55,91193.6,923.9600608535135,15:36:14
23.55,91193.11,924.0076603579762,15:37:14
23.56,91195.7,923.7872007718393,15:38:14
23.56,91193.34,924.0164597689145,15:39:14
23.55,91190.26,924.2845206531306,15:40:14
23.55,91187.5,924.5526478078472,15:41:14
23.55,91191.29,924.1844611826065,15:42:13
23.56,91192.56,924.0922333629832,15:43:13
23.56,91194.83,923.8717149193308,15:44:13
23.55,91194.59,923.8638913549577,15:45:13
23.55,91189.31,924.3768097068078,15:46:13
23.56,91195.16,923.8396577159367,15:47:13
23.56,91194.5,923.9037722607949,15:48:13
23.55,91192.45,924.0717744573755,15:49:13
23.56,91189.72,924.3681334796369,15:50:13
23.56,91190.21,924.320530264683,15:51:12
23.55,91192.28,924.0882887845527,15:52:12
23.55,91195.91,923.7356672898144,15:53:12
23.55,91191.13,924.2000043130819,15:54:12
23.55,91192.95,924.0232031192362,15:55:12
23.55,91194.27,923.8949763094855,15:56:12
23.55,91189.64,924.3447512742331,15:57:12
23.56,91192.52,924.0961192091149,15:58:12
23.55,91192.9,924.0280602387816,15:59:11
23.55,91196.24,923.7036116186823,16:00:11
23.55,91194.59,923.8638913549577,16:01:11
23.55,91193.89,923.9318898616112,16:02:11
23.55,91195.41,923.7842367515616,16:03:11
23.56,91195.82,923.7755437233492,16:04:11
23.55,91193.16,924.0028032517288,16:05:11
23.55,91196.08,923.7191537450153,16:06:11
23.55,91189.77,924.3321222326508,16:07:11
23.55,91193.72,923.9484038784198,16:08:10
23.55,91193.39,923.9804606038649,16:09:10
23.55,91193.89,923.9318898616112,16:10:10
23.55,91194.05,923.9163472910401,16:11:10
23.55,91194.38,923.8842908417258,16:12:10
23.55,91192.23,924.0931459465758,16:13:10
23.55,91193.72,923.9484038784198,16:14:10
23.55,91194.27,923.8949763094855,16:15:10
23.55,91196.41,923.6870981450038,16:16:09
23.55,91188.53,924.4525847326996,16:17:09
23.55,91190.59,924.2524626180696,16:18:09
23.55,91192.41,924.0756601781272,16:19:09
23.55,91192.78,924.0397173386431,16:20:09
23.55,91195.91,923.7356672898144,16:21:09
23.55,91194.76,923.8473775256759,16:22:09
23.55,91194.92,923.8318351315736,16:23:09
23.55,91190.68,924.2437195415652,16:24:08
23.55,91191.29,924.1844611826065,16:25:08
23.55,91191.09,924.2038901007685,16:26:08
23.55,91190.09,924.301035452358,16:27:08
23.56,91192.85,924.0640610392093,16:28:08
23.55,91193.44,923.9756035153749,16:29:08
23.55,91189.81,924.3282363780194,16:30:08
23.55,91193.77,923.9435468108493,16:31:08
23.55,91194.38,923.8842908417258,16:32:07
23.55,91192.57,924.0601173073127,16:33:07
23.55,91193.11,924.0076603579762,16:34:07
23.55,91193.06,924.0125174673757,16:35:07
23.55,91194.88,923.8357207270611,16:36:07
23.55,91191.67,924.1475463778162,16:37:07
23.55,91194.22,923.8998333453621,16:38:07
23.55,91190.09,924.301035452358,16:39:07
23.55,91190.92,924.2204047210843,16:40:07
23.55,91192.73,924.0445744689724,16:41:06
23.55,91192.61,924.0562315946895,16:42:06
23.55,91188.66,924.4399555081415,16:43:06
23.55,91193.06,924.0125174673757,16:44:06
23.55,91191.17,924.1961185274224,16:45:06
23.55,91190.63,924.248576805014,16:46:06
23.55,91191.5,924.1640608731109,16:47:06
23.55,91193.06,924.0125174673757,16:48:06
23.55,91190.42,924.268977346156,16:49:05
23.55,91192.78,924.0397173386431,16:50:05
23.55,91187.0,924.6012226011824,16:51:05
23.55,91193.23,923.9960033083258,16:52:05
23.55,91192.66,924.0513744567485,16:53:05
23.55,91191.84,924.1310319191615,16:54:05
23.55,91193.56,923.9639465159357,16:55:05
23.55,91192.41,924.0756601781272,16:56:05
23.55,91190.42,924.268977346156,16:57:05
23.55,91197.69,923.5627625785352,16:58:04
23.55,91193.39,923.9804606038649,16:59:04
